id,ticker,title,link,published,source,summary,query,fetched_at
1e7a8470ee2d065f652385ffc41071d693814fe67279d3af9f06d16bbc1a9f26,BK,"Truist Expects Core Revenue Growth to Drive BNY Mellon ( BK ) Profitability Despite Expense , Buyback Headwinds",https://www.insidermonkey.com/blog/truist-expects-core-revenue-growth-to-drive-bny-mellon-bk-profitability-despite-expense-buyback-headwinds-1678755/,20260123T044500Z,insidermonkey.com,The Bank of New York Mellon Corporation (NYSE:BK) is one of the best large cap value stocks to buy in 2026.,"(""BNY Mellon"" OR ""Bank of New York Mellon"" OR BK)",2026-01-26T09:09:16.121924+00:00
fc792e1ee37ea51a6139c3d9b06fc2981ef3439b175044e6dbb479af90093d52,BK,"Truist Expects Core Revenue Growth to Drive BNY Mellon ( BK ) Profitability Despite Expense , Buyback Headwinds",https://finance.yahoo.com/news/truist-expects-core-revenue-growth-030011150.html,20260124T073000Z,finance.yahoo.com,"The Bank of New York Mellon Corporation (NYSE:BK) is one of the best large cap value stocks to buy in 2026. On January 14, Truist raised its price target on BNY Mellon to $136 from $134 and maintained a Buy rating after its Q4 2025 earnings results. The firm also raised its 2027 EPS forecast […]","(""BNY Mellon"" OR ""Bank of New York Mellon"" OR BK)",2026-01-26T09:09:16.121924+00:00
8223108526533a885eae9ee37279b61142e597935f602de1cf418d1e771ddb97,BK,"Tradewinds LLC . Invests $826 , 000 in The Bank of New York Mellon Corporation $BK",https://www.tickerreport.com/banking-finance/13320595/tradewinds-llc-invests-826000-in-the-bank-of-new-york-mellon-corporation-bk.html,20260119T140000Z,tickerreport.com,,"(""BNY Mellon"" OR ""Bank of New York Mellon"" OR BK)",2026-01-26T09:09:16.121924+00:00
8e67e326405bea5ae788098d2c9ac442ef2dbb2eeb956ed663c7cbadd91068a0,BK,Wealth Enhancement Advisory Services LLC Has $35 . 88 Million Stock Holdings in The Bank of New York Mellon Corporation $BK,https://www.tickerreport.com/banking-finance/13322256/wealth-enhancement-advisory-services-llc-has-35-88-million-stock-holdings-in-the-bank-of-new-york-mellon-corporation-bk.html,20260121T160000Z,tickerreport.com,,"(""BNY Mellon"" OR ""Bank of New York Mellon"" OR BK)",2026-01-26T09:09:16.121924+00:00
bfb072e4f47d2868b8771c5a6748626e05a33bd9b7cb3c74e165d642c84f15c8,BK,The Bank of New York Mellon Corporation $BK Shares Acquired by iA Global Asset Management Inc .,https://www.themarketsdaily.com/2026/01/24/the-bank-of-new-york-mellon-corporation-bk-shares-acquired-by-ia-global-asset-management-inc.html,20260124T130000Z,themarketsdaily.com,"iA Global Asset Management Inc. increased its position in shares of The Bank of New York Mellon Corporation (NYSE:BK – Free Report) by 13.6% in the third quarter, according to the company in its most recent Form 13F filing with the Securities and Exchange Commission. The institutional investor owned 36,040 shares of the bank’s stock […]","(""BNY Mellon"" OR ""Bank of New York Mellon"" OR BK)",2026-01-26T09:09:16.121924+00:00
3968527d0afb0e6cf819e84d5ef4aec218a464767618df32b1af65f838a6f58b,BK,Westfuller Advisors LLC Purchases New Position in The Bank of New York Mellon Corporation $BK,https://www.dailypolitical.com/2026/01/24/westfuller-advisors-llc-purchases-new-position-in-the-bank-of-new-york-mellon-corporation-bk.html,20260124T134500Z,dailypolitical.com,"Westfuller Advisors LLC acquired a new position in The Bank of New York Mellon Corporation (NYSE:BK – Free Report) in the 3rd quarter, according to the company in its most recent Form 13F filing with the Securities & Exchange Commission. The firm acquired 6,133 shares of the bank’s stock, valued at approximately $668,000. Other large […]","(""BNY Mellon"" OR ""Bank of New York Mellon"" OR BK)",2026-01-26T09:09:16.121924+00:00
3e842b80d4d2598490c3d3c618c2316b84fc5693b589c3d339b2cf018bb2760d,BK,The Bank of New York Mellon Corporation ( NYSE : BK ) Short Interest Down 16 . 9 % in December,https://www.themarketsdaily.com/2026/01/21/the-bank-of-new-york-mellon-corporation-nysebk-short-interest-down-16-9-in-december.html,20260121T080000Z,themarketsdaily.com,"The Bank of New York Mellon Corporation (NYSE:BK – Get Free Report) was the target of a large decrease in short interest during the month of December. As of December 31st, there was short interest totaling 8,780,925 shares, a decrease of 16.9% from the December 15th total of 10,564,988 shares. Approximately 1.3% of the company’s […]","(""BNY Mellon"" OR ""Bank of New York Mellon"" OR BK)",2026-01-26T09:09:16.121924+00:00
ac56c581a02f2b365987d424ae85f2f722ea5c2d2eef95f10a4451860cb166dd,BK,"Stiles Financial Services Inc Sells 5 , 736 Shares of BNY Mellon US Large Cap Core Equity ETF $BKLC",https://www.themarketsdaily.com/2026/01/21/stiles-financial-services-inc-sells-5736-shares-of-bny-mellon-us-large-cap-core-equity-etf-bklc.html,20260121T143000Z,themarketsdaily.com,"Stiles Financial Services Inc decreased its position in shares of BNY Mellon US Large Cap Core Equity ETF (NYSEARCA:BKLC – Free Report) by 20.9% during the 3rd quarter, Holdings Channel reports. The fund owned 21,733 shares of the company’s stock after selling 5,736 shares during the quarter. Stiles Financial Services Inc’s holdings in BNY Mellon […]","(""BNY Mellon"" OR ""Bank of New York Mellon"" OR BK)",2026-01-26T09:09:16.121924+00:00
35d591a594f2c3d69753481c14faf7acc86b36b0adae9277324a4971a81ed7df,BK,Symphony Financial Ltd . Co . Boosts Stock Position in BNY Mellon US Large Cap Core Equity ETF $BKLC,https://www.dailypolitical.com/2026/01/24/symphony-financial-ltd-co-boosts-stock-position-in-bny-mellon-us-large-cap-core-equity-etf-bklc.html,20260124T144500Z,dailypolitical.com,"Symphony Financial Ltd. Co. lifted its position in shares of BNY Mellon US Large Cap Core Equity ETF (NYSEARCA:BKLC – Free Report) by 21.0% during the third quarter, according to the company in its most recent filing with the Securities and Exchange Commission. The institutional investor owned 26,825 shares of the company’s stock after buying […]","(""BNY Mellon"" OR ""Bank of New York Mellon"" OR BK)",2026-01-26T09:09:16.121924+00:00
f92e869560908edd033a984c2076e09e42e3063642902f8887ec7fccea6d6408,BK,BNY launches tokenized deposits : Bank money quietly goes on - chain,https://www.dnaindia.com/personal-finance/report-from-t1-to-247-how-bny-mellon-is-bringing-regulated-bank-deposits-on-chain-3197936,20260122T140000Z,dnaindia.com,"BNY Melon has launched tokenized bank deposits to enable 24/7 on-chain settlement without changing regulation, compliance, or bank liability.","(""BNY Mellon"" OR ""Bank of New York Mellon"" OR BK)",2026-01-26T09:09:16.121924+00:00
7e59c2c674a873a303a190021607cea5a42fb0b4fa005f1775c61746c7460684,BK,Invest in your kid future ( and get $100 back ) with this user - friendly app,https://www.wfaa.com/article/syndication/smart-deals/stackcommerce/invest-in-your-kids-future-and-get-100-back-with-this-user-friendly-app/608-33da5a65-3a11-4c54-8a59-8381776a20e4,20260119T164500Z,wfaa.com,,"(""BNY Mellon"" OR ""Bank of New York Mellon"" OR BK)",2026-01-26T09:09:16.121924+00:00
c4db202cb262c047e29b135ffe6fe9e2260fc4ab65379c2d35379452c9221873,BK,Invest in your kid future ( and get $100 back ) with this user - friendly app,https://www.wthr.com/article/syndication/smart-deals/stackcommerce/invest-in-your-kids-future-and-get-100-back-with-this-user-friendly-app/608-33da5a65-3a11-4c54-8a59-8381776a20e4,20260119T140000Z,wthr.com,,"(""BNY Mellon"" OR ""Bank of New York Mellon"" OR BK)",2026-01-26T09:09:16.121924+00:00
39066ad73de1f802cbcda546d5fea7c1c1096ada60b472ad2afb8baeb61e8b26,BK,Invest in your kid future ( and get $100 back ) with this user - friendly app,https://www.10tv.com/article/syndication/smart-deals/stackcommerce/invest-in-your-kids-future-and-get-100-back-with-this-user-friendly-app/608-33da5a65-3a11-4c54-8a59-8381776a20e4,20260119T173000Z,10tv.com,,"(""BNY Mellon"" OR ""Bank of New York Mellon"" OR BK)",2026-01-26T09:09:16.121924+00:00
4a29a225a304cef886402ef737fb2461bd1fcff349e7a44aaf4b372ccb9b30b4,BK,Invest in your kid future ( and get $100 back ) with this user - friendly app,https://www.wltx.com/article/syndication/smart-deals/stackcommerce/invest-in-your-kids-future-and-get-100-back-with-this-user-friendly-app/608-33da5a65-3a11-4c54-8a59-8381776a20e4,20260119T170000Z,wltx.com,,"(""BNY Mellon"" OR ""Bank of New York Mellon"" OR BK)",2026-01-26T09:09:16.121924+00:00
5bec08abc84edba0452b7d75573e1ac3a1daed41c68cb962f0f4d0b298990722,BK,Invest in your kid future ( and get $100 back ) with this user - friendly app,https://www.wwltv.com/article/syndication/smart-deals/stackcommerce/invest-in-your-kids-future-and-get-100-back-with-this-user-friendly-app/608-33da5a65-3a11-4c54-8a59-8381776a20e4,20260119T170000Z,wwltv.com,,"(""BNY Mellon"" OR ""Bank of New York Mellon"" OR BK)",2026-01-26T09:09:16.121924+00:00
c4711e83ea74af276e7dc74aee7ff0a192c03c4113787a0f741166c4c2ae6ef5,BK,NYSE working on a new platform for trading digital tokens around the clock,https://www.wral.com/news/ap/588b8-nyse-working-on-a-new-platform-for-trading-digital-tokens-around-the-clock/,20260120T031500Z,wral.com,,"(""BNY Mellon"" OR ""Bank of New York Mellon"" OR BK)",2026-01-26T09:09:16.121924+00:00
e80a49901e03eb58f74ca013e7b4d82539d0615d1f536a05cbe81aa0048a7e5c,BK,NYSE working on a new platform for trading digital tokens around the clock,https://japantoday.com/category/business/nyse-working-on-a-new-platform-for-trading-digital-tokens-around-the-clock,20260120T001500Z,japantoday.com,,"(""BNY Mellon"" OR ""Bank of New York Mellon"" OR BK)",2026-01-26T09:09:16.121924+00:00
5b1f551afdd902123773f1524cf72cf666cd1220f5948ac281d45f0d5c6da39f,BK,NYSE working on a new platform for trading digital tokens around the clock,https://www.baltimoresun.com/2026/01/19/nyse-digital-tokens-trading/,20260119T234500Z,baltimoresun.com,,"(""BNY Mellon"" OR ""Bank of New York Mellon"" OR BK)",2026-01-26T09:09:16.121924+00:00
1dd8759cca1732610fd3514b72d22e3c22605ea5ec286b29028d9b065ab8e35d,BK,NYSE working on a new platform for trading digital tokens around the clock,https://www.ocregister.com/2026/01/19/nyse-digital-tokens-trading/,20260119T234500Z,ocregister.com,,"(""BNY Mellon"" OR ""Bank of New York Mellon"" OR BK)",2026-01-26T09:09:16.121924+00:00
338d6f70d19633088dad864170a19f1546597ec30566e2f6befc7311bf7d64c4,BK,NYSE working on a new platform for trading digital tokens around the clock,https://www.orlandosentinel.com/2026/01/19/nyse-digital-tokens-trading/,20260119T234500Z,orlandosentinel.com,,"(""BNY Mellon"" OR ""Bank of New York Mellon"" OR BK)",2026-01-26T09:09:16.121924+00:00
0ca7d6c25b3a0c5c1fd0f3f6cdcbbeee18315ca42a59f5eed6d0ca36fc3ffa3d,BK,NYSE working on a new platform for trading digital tokens around the clock,https://www.sandiegouniontribune.com/2026/01/19/nyse-digital-tokens-trading/,20260119T234500Z,sandiegouniontribune.com,,"(""BNY Mellon"" OR ""Bank of New York Mellon"" OR BK)",2026-01-26T09:09:16.121924+00:00
cf9ff281e39150834e4a00efb3b581ddf185bce252708efa4b1daaef13ee9cfc,BK,NYSE working on a new platform for trading digital tokens around the clock,https://www.clickondetroit.com/news/politics/2026/01/19/nyse-working-on-a-new-platform-for-trading-digital-tokens-around-the-clock/,20260120T011500Z,clickondetroit.com,,"(""BNY Mellon"" OR ""Bank of New York Mellon"" OR BK)",2026-01-26T09:09:16.121924+00:00
9c7d25a039c9c6f0db4c6c69a08435c044602c9fe0239960c573c96e0f68a788,BK,NYSE working on a new platform for trading digital tokens around the clock,https://www.pilotonline.com/2026/01/19/nyse-digital-tokens-trading/,20260120T040000Z,pilotonline.com,,"(""BNY Mellon"" OR ""Bank of New York Mellon"" OR BK)",2026-01-26T09:09:16.121924+00:00
e8736e8b566f404b3a08802b981388a600527b308459524cb06094efc39957da,BK,NYSE working on a new platform for trading digital tokens around the clock,https://www.pressdemocrat.com/2026/01/19/nyse-digital-tokens-trading/,20260119T234500Z,pressdemocrat.com,,"(""BNY Mellon"" OR ""Bank of New York Mellon"" OR BK)",2026-01-26T09:09:16.121924+00:00
116f058edf21a2dbfcc67d3d10ec6b13eb0219f10e462953094047e95d845ba3,BK,NYSE working on a new platform for trading digital tokens around the clock,https://www.mcall.com/2026/01/19/nyse-digital-tokens-trading/,20260120T033000Z,mcall.com,,"(""BNY Mellon"" OR ""Bank of New York Mellon"" OR BK)",2026-01-26T09:09:16.121924+00:00
b1a461f77d8245c1c9d77f0082631e1accb593d116d2b323982b296b4c377712,BK,Invest in your kid future ( and get $100 back ) with this user - friendly app,https://www.fox43.com/article/syndication/smart-deals/stackcommerce/invest-in-your-kids-future-and-get-100-back-with-this-user-friendly-app/608-33da5a65-3a11-4c54-8a59-8381776a20e4,20260119T133000Z,fox43.com,,"(""BNY Mellon"" OR ""Bank of New York Mellon"" OR BK)",2026-01-26T09:09:16.121924+00:00
7adb98e78a12ccb1cf25ded6c77564f3ef4c3d9dfa8304bbb106ebdc5ea45351,BK,Invest in your kid future ( and get $100 back ) with this user - friendly app,https://www.13wmaz.com/article/syndication/smart-deals/stackcommerce/invest-in-your-kids-future-and-get-100-back-with-this-user-friendly-app/608-33da5a65-3a11-4c54-8a59-8381776a20e4,20260119T131500Z,13wmaz.com,,"(""BNY Mellon"" OR ""Bank of New York Mellon"" OR BK)",2026-01-26T09:09:16.121924+00:00
1ae9b723d8408d386333f4411f72efd5a751df7c1550ac8059860f8253b3a71f,BK,Invest in your kid future ( and get $100 back ) with this user - friendly app,https://www.fox61.com/article/syndication/smart-deals/stackcommerce/invest-in-your-kids-future-and-get-100-back-with-this-user-friendly-app/608-33da5a65-3a11-4c54-8a59-8381776a20e4,20260119T133000Z,fox61.com,,"(""BNY Mellon"" OR ""Bank of New York Mellon"" OR BK)",2026-01-26T09:09:16.121924+00:00
84818c78bfc1cb0bd71bd91e0be3c591b6c202abf2c0daa22214aec0bc283ab1,BK,NYSE working on a new platform for trading digital tokens around the clock,https://www.citizensvoice.com/2026/01/19/nyse-digital-tokens-trading/,20260120T024500Z,citizensvoice.com,,"(""BNY Mellon"" OR ""Bank of New York Mellon"" OR BK)",2026-01-26T09:09:16.121924+00:00
e84a4241131cb0fc8a67b5a52e0b35a3a39ed449130066ec6bfa7191d636ce14,BK,NYSE working on a new platform for trading digital tokens around the clock,https://www.lowellsun.com/2026/01/19/nyse-digital-tokens-trading/,20260119T234500Z,lowellsun.com,,"(""BNY Mellon"" OR ""Bank of New York Mellon"" OR BK)",2026-01-26T09:09:16.121924+00:00
b6d2d557ec9dbb5237b0fb605a2c820931415aba453e1152b6bbb175e480f037,BK,Invest in your kid future ( and get $100 back ) with this user - friendly app,https://www.wtol.com/article/syndication/smart-deals/stackcommerce/invest-in-your-kids-future-and-get-100-back-with-this-user-friendly-app/608-33da5a65-3a11-4c54-8a59-8381776a20e4,20260119T173000Z,wtol.com,,"(""BNY Mellon"" OR ""Bank of New York Mellon"" OR BK)",2026-01-26T09:09:16.121924+00:00
6d5889bdf738aca235776888e80d15488307ca645620229f70f992905f0ce621,BK,NYSE working on a new platform for trading digital tokens around the clock,https://www.dailynews.com/2026/01/19/nyse-digital-tokens-trading/,20260120T040000Z,dailynews.com,,"(""BNY Mellon"" OR ""Bank of New York Mellon"" OR BK)",2026-01-26T09:09:16.121924+00:00
11bb78458c0abd9025b24b705760495ff99e87ff2ebf2e059fda37d6185d20ac,BK,NYSE working on a new platform for trading digital tokens around the clock,https://www.dailycamera.com/2026/01/19/nyse-digital-tokens-trading/,20260119T234500Z,dailycamera.com,,"(""BNY Mellon"" OR ""Bank of New York Mellon"" OR BK)",2026-01-26T09:09:16.121924+00:00
3828602271fa9dc48397203fe5bd0fa749a55e6e491e094fb19a8e2109e79e38,BK,NYSE working on a new platform for trading digital tokens around the clock,https://www.thetimes-tribune.com/2026/01/19/nyse-digital-tokens-trading/,20260119T234500Z,thetimes-tribune.com,,"(""BNY Mellon"" OR ""Bank of New York Mellon"" OR BK)",2026-01-26T09:09:16.121924+00:00
f52f3425957358a8638442e386172eff5300edde1867e30073c0894984f954de,BK,Invest in your kid future ( and get $100 back ) with this user - friendly app,https://www.abc10.com/article/syndication/smart-deals/stackcommerce/invest-in-your-kids-future-and-get-100-back-with-this-user-friendly-app/608-33da5a65-3a11-4c54-8a59-8381776a20e4,20260119T133000Z,abc10.com,,"(""BNY Mellon"" OR ""Bank of New York Mellon"" OR BK)",2026-01-26T09:09:16.121924+00:00
c00b455c19418d92ed972e0b4095b2824fc1f53a03cf8f3d8fe500e0d422a896,BK,NYSE working on a new platform for trading digital tokens around the clock,https://www.dailylocal.com/2026/01/19/nyse-digital-tokens-trading/,20260120T033000Z,dailylocal.com,,"(""BNY Mellon"" OR ""Bank of New York Mellon"" OR BK)",2026-01-26T09:09:16.121924+00:00
879998e334566761cdfa0ecae919b9cf01f7880f7d88eeca1a96c68893d70137,BK,NYSE working on a new platform for trading digital tokens around the clock,https://www.wsbtv.com/news/business/nyse-working-new/WJQIHOLA2U5JDLCWR7HBQ4CJSE/,20260120T033000Z,wsbtv.com,,"(""BNY Mellon"" OR ""Bank of New York Mellon"" OR BK)",2026-01-26T09:09:16.121924+00:00
c463725e8c8b4def185eb15fcf5545c582edfcda836d49a6da83adfd2596bbd7,BK,NYSE working on a new platform for trading digital tokens around the clock,https://www.capitalgazette.com/2026/01/19/nyse-digital-tokens-trading/,20260120T023000Z,capitalgazette.com,,"(""BNY Mellon"" OR ""Bank of New York Mellon"" OR BK)",2026-01-26T09:09:16.121924+00:00
1aacc3fa77082da2998f452cb33e091ac1614d128478c816e60458f958549f0c,BK,NYSE working on a new platform for trading digital tokens around the clock,https://www.timescall.com/2026/01/19/nyse-digital-tokens-trading/,20260120T031500Z,timescall.com,,"(""BNY Mellon"" OR ""Bank of New York Mellon"" OR BK)",2026-01-26T09:09:16.121924+00:00
73dc6ca74dda6bd0c5b2fbcd60995c68aff0d54e36e3aebe0e152438d4eb6241,BK,NYSE working on a new platform for trading digital tokens around the clock,https://www.readingeagle.com/2026/01/19/nyse-digital-tokens-trading/,20260119T234500Z,readingeagle.com,,"(""BNY Mellon"" OR ""Bank of New York Mellon"" OR BK)",2026-01-26T09:09:16.121924+00:00
92cac74e13ea9fb38c3928996fb9a9e15abe7497d7a588c3be065f342ecc23bf,BK,NYSE working on a new platform for trading digital tokens around the clock,https://isp.netscape.com/pf/story/0001/20260119/588b84ea6d3b4745da42d58bb80bd718,20260120T021500Z,isp.netscape.com,,"(""BNY Mellon"" OR ""Bank of New York Mellon"" OR BK)",2026-01-26T09:09:16.121924+00:00
5436472a1ed2b4dcd26b0d4be86605cc4c4a81bd635294a47f80471db8aedee8,BK,Holding ( s ) in Company | Company Announcement,https://www.investegate.co.uk/announcement/rns/onward-opportunities-limited-npv--onwd/holding-s-in-company/9372194,20260121T101500Z,investegate.co.uk,"Comprehensive details of regulatory and non regulatory announcements from FTSE 100, 250, AIM and techMARK quoted companies","(""BNY Mellon"" OR ""Bank of New York Mellon"" OR BK)",2026-01-26T09:09:16.121924+00:00
045857e39125ed6633134d86f5b0ce7a3f83c34f940eba25c82ca214ebd6ad11,BK,NYSE working on a new platform for trading digital tokens around the clock,https://www.springfieldnewssun.com/news/nation-world/nyse-working-on-a-new-platform-for-trading-digital-tokens-around-the-clock/3XQXQLVD6BIMFKYNRXYC4P7V5A/,20260120T014500Z,springfieldnewssun.com,,"(""BNY Mellon"" OR ""Bank of New York Mellon"" OR BK)",2026-01-26T09:09:16.121924+00:00
257c9a04179fdfb4c5da0a0f9b950156d215a3d005c229179a7a6048c6c73ff6,BK,NYSE plans platform for round - the - clock trading of digital tokens,https://www.investmentexecutive.com/uncategorized/nyse-plans-platform-for-round-the-clock-trading-of-digital-tokens/,20260120T203000Z,investmentexecutive.com,New venue would support trading of tokenized securities,"(""BNY Mellon"" OR ""Bank of New York Mellon"" OR BK)",2026-01-26T09:09:16.121924+00:00
e073ac093f1f61d296044db781a30ccba802eb832e5b25bb15c44476a172b2a5,BK,iShares Core International Aggregate Bond ETF ( BATS : IAGG ) Stock Price Up 1 . 4 % – What Next ?,https://www.dailypolitical.com/2026/01/20/ishares-core-international-aggregate-bond-etf-batsiagg-stock-price-up-1-4-whats-next.html,20260121T063000Z,dailypolitical.com,,"(""BNY Mellon"" OR ""Bank of New York Mellon"" OR BK)",2026-01-26T09:09:16.121924+00:00
ea3bad86395000627673c3fd0848e3b4c29baee6b36d08ef9ec1e62fdc4ce191,BK,iShares Russell Mid - Cap ETF ( NYSEARCA : IWR ) Hits New 1 - Year High – Time to Buy ?,https://www.dailypolitical.com/2026/01/24/ishares-russell-mid-cap-etf-nysearcaiwr-hits-new-1-year-high-time-to-buy.html,20260124T151500Z,dailypolitical.com,,"(""BNY Mellon"" OR ""Bank of New York Mellon"" OR BK)",2026-01-26T09:09:16.121924+00:00
24de43345195189826ddd1ae6f1b0576ae7b9adef9ae3e92c1c78947593f1fcf,BK,"Grayscale Files S - 1 for NEAR ETF , NEAR Protocol Price Rebounds",https://coingape.com/grayscale-files-s-1-for-near-etf-near-protocol-price-rebounds/,20260121T050000Z,coingape.com,NEAR Protocol price rebounds 3% as Grayscale Investments files S-1 form with the US SEC to approve NEAR ETF and list on NYSE Arca.,"(""BNY Mellon"" OR ""Bank of New York Mellon"" OR BK)",2026-01-26T09:09:16.121924+00:00
ec4d981562ee16eed9426564db1f68376f8784717a6613f3006b98d59c721ac7,BK,Invest in your kid future ( and get $100 back ) with this user - friendly app,https://www.kcentv.com/article/syndication/smart-deals/stackcommerce/invest-in-your-kids-future-and-get-100-back-with-this-user-friendly-app/608-33da5a65-3a11-4c54-8a59-8381776a20e4,20260119T173000Z,kcentv.com,,"(""BNY Mellon"" OR ""Bank of New York Mellon"" OR BK)",2026-01-26T09:09:16.121924+00:00
89901a1fc371a50f43c1a63a1c016b511dc60432f3bef80620621762a286df84,BK,Invest in your kid future ( and get $100 back ) with this user - friendly app,https://www.12newsnow.com/article/syndication/smart-deals/stackcommerce/invest-in-your-kids-future-and-get-100-back-with-this-user-friendly-app/608-33da5a65-3a11-4c54-8a59-8381776a20e4,20260119T164500Z,12newsnow.com,,"(""BNY Mellon"" OR ""Bank of New York Mellon"" OR BK)",2026-01-26T09:09:16.121924+00:00
919b899559ee42894781104a580e4b866849edfdb459327de36f7f631333df85,BK,Invest in your kid future ( and get $100 back ) with this user - friendly app,https://www.whas11.com/article/syndication/smart-deals/stackcommerce/invest-in-your-kids-future-and-get-100-back-with-this-user-friendly-app/608-33da5a65-3a11-4c54-8a59-8381776a20e4,20260119T140000Z,whas11.com,,"(""BNY Mellon"" OR ""Bank of New York Mellon"" OR BK)",2026-01-26T09:09:16.121924+00:00
68a1ce3bff108f754093b34c0a0fa4b260e8b1757915b3f94030581cefcda8e0,BK,Appointment of Replacement Trustees | Company Announcement,https://www.investegate.co.uk/announcement/rns/annington-funding-plc--15ub/appointment-of-replacement-trustees-/9371665,20260121T101500Z,investegate.co.uk,"Comprehensive details of regulatory and non regulatory announcements from FTSE 100, 250, AIM and techMARK quoted companies","(""BNY Mellon"" OR ""Bank of New York Mellon"" OR BK)",2026-01-26T09:09:16.121924+00:00
37ead96722ae61f07077ab581d8bc0096e4e6dbfb7a0b8a648838535191e4c79,BK,What are tokenized securities ? Risks and what to know as stock exchange NYSE embraces the blockchain,https://finance.yahoo.com/news/tokenized-securities-risks-know-stock-140500566.html,20260122T020000Z,finance.yahoo.com,"The biggest shift would be the introduction of 24/7 trading, much like Bitcoin investors currently enjoy, but some have urged the SEC to tread carefully.","(""BNY Mellon"" OR ""Bank of New York Mellon"" OR BK)",2026-01-26T09:09:16.121924+00:00
89f3b42d1744129de7d6812e779428537c12e08eca13530b02e21c8937e9d729,BK,The NYSE platform links conventional stocks to digital networks while exploring tokenized deposits and integration with global financial infrastructure,https://www.techradar.com/pro/is-this-the-future-of-trading-nyse-reportedly-building-a-venue-for-24-7-tokenized-stock-and-edf-settling,20260123T200000Z,techradar.com,NYSE builds a 24/7 tokenized stock platform using blockchain while integrating stablecoins and challenging traditional market structures globally,"(""BNY Mellon"" OR ""Bank of New York Mellon"" OR BK)",2026-01-26T09:09:16.121924+00:00
9d4b7c58327cb0b87e2c58cdd5dd1130af15e0616360b805cf22bd4bc6b381c2,BK,NYSE working on a new platform for trading digital tokens around the clock,https://www.republicanherald.com/2026/01/19/nyse-digital-tokens-trading/,20260120T001500Z,republicanherald.com,,"(""BNY Mellon"" OR ""Bank of New York Mellon"" OR BK)",2026-01-26T09:09:16.121924+00:00
7cd6dc44a812a4691f450224f665b875d6819ea30aefa99710b1f915e03bccd1,BK,NYSE working on a new platform for trading digital tokens around the clock,https://www.dailydemocrat.com/2026/01/19/nyse-digital-tokens-trading/,20260120T014500Z,dailydemocrat.com,,"(""BNY Mellon"" OR ""Bank of New York Mellon"" OR BK)",2026-01-26T09:09:16.121924+00:00
c1c3c4e9b95c876c6cd0076f216d565566699fcf7104eaaedb59e4346d5d6d48,BK,NYSE working on a new platform for trading digital tokens around the clock,https://www.advocate-news.com/2026/01/19/nyse-digital-tokens-trading/,20260120T030000Z,advocate-news.com,,"(""BNY Mellon"" OR ""Bank of New York Mellon"" OR BK)",2026-01-26T09:09:16.121924+00:00
ff056552d2b9e159f2650fec77b0dce195866539109516e57a27b73847bde1e2,BK,NYSE working on a new platform for trading digital tokens around the clock,https://www.pottsmerc.com/2026/01/19/nyse-digital-tokens-trading/,20260120T024500Z,pottsmerc.com,,"(""BNY Mellon"" OR ""Bank of New York Mellon"" OR BK)",2026-01-26T09:09:16.121924+00:00
1dbf6dc00663605e4fb7e51a8a0908944675f3d612c525c25dfb3a6ca2878bfc,BK,NYSE working on a new platform for trading digital tokens around the clock,https://www.greeleytribune.com/2026/01/19/nyse-digital-tokens-trading/,20260119T234500Z,greeleytribune.com,,"(""BNY Mellon"" OR ""Bank of New York Mellon"" OR BK)",2026-01-26T09:09:16.121924+00:00
fb7fd1a3ea6ad0265bb5c6a87b9f7aa0f5e62776fb83062f04e7c8aa5336b225,BK,NYSE working on a new platform for trading digital tokens around the clock,https://www.fortmorgantimes.com/2026/01/19/nyse-digital-tokens-trading/,20260119T234500Z,fortmorgantimes.com,,"(""BNY Mellon"" OR ""Bank of New York Mellon"" OR BK)",2026-01-26T09:09:16.121924+00:00
27e57f77d019b192b8f3cc2c165abf5a1e08a1bce32f973fdd911fccee07eefd,BK,NYSE working on a new platform for trading digital tokens around the clock,https://www.whittierdailynews.com/2026/01/19/nyse-digital-tokens-trading/,20260120T044500Z,whittierdailynews.com,,"(""BNY Mellon"" OR ""Bank of New York Mellon"" OR BK)",2026-01-26T09:09:16.121924+00:00
5405d6f8c9f57b7cd6c0a161f7737c4915a23c18d21bc66c1751205cc2cdd5e7,BK,NYSE working on a new platform for trading digital tokens around the clock,https://www.broomfieldenterprise.com/2026/01/19/nyse-digital-tokens-trading/,20260120T040000Z,broomfieldenterprise.com,,"(""BNY Mellon"" OR ""Bank of New York Mellon"" OR BK)",2026-01-26T09:09:16.121924+00:00
bf0e134cdb6fe82b046b013d8d86b6ca39d62f28cc92f2fc4ba252aca994a8fd,BK,NYSE working on a new platform for trading digital tokens around the clock,https://www.sentinelandenterprise.com/2026/01/19/nyse-digital-tokens-trading/,20260120T003000Z,sentinelandenterprise.com,,"(""BNY Mellon"" OR ""Bank of New York Mellon"" OR BK)",2026-01-26T09:09:16.121924+00:00
8218bf6d345f975e6cd4c1d8b903ecc597a50b1170e1f075a39711de6dfc93e6,BK,NYSE working on a new platform for trading digital tokens around the clock,https://www.akronnewsreporter.com/2026/01/19/nyse-digital-tokens-trading/,20260120T003000Z,akronnewsreporter.com,,"(""BNY Mellon"" OR ""Bank of New York Mellon"" OR BK)",2026-01-26T09:09:16.121924+00:00
d4dea25809a34d2525bb417a44af4ab78749919be1cee60f1dcc659cb0d62a01,BK,NYSE working on a new platform for trading digital tokens around the clock,https://www.coloradohometownweekly.com/2026/01/19/nyse-digital-tokens-trading/,20260120T021500Z,coloradohometownweekly.com,,"(""BNY Mellon"" OR ""Bank of New York Mellon"" OR BK)",2026-01-26T09:09:16.121924+00:00
a82bac9015a941c380ca2e090bd55e39bc1794f5707ba397fc67ceb1bd36ea1a,BK,NYSE working on a new platform for trading digital tokens around the clock,https://www.reporterherald.com/2026/01/19/nyse-digital-tokens-trading/,20260120T011500Z,reporterherald.com,,"(""BNY Mellon"" OR ""Bank of New York Mellon"" OR BK)",2026-01-26T09:09:16.121924+00:00
228f83f45a675d9de81712958c10e843c6e54e4a9e77cba85eadc2c4f37eb85a,BK,NYSE working on a new platform for trading digital tokens around the clock,https://www.journal-advocate.com/2026/01/19/nyse-digital-tokens-trading/,20260120T011500Z,journal-advocate.com,,"(""BNY Mellon"" OR ""Bank of New York Mellon"" OR BK)",2026-01-26T09:09:16.121924+00:00
96f27c4ca52910a7f9499698d73e19196a3a3a0d797c0256cecfa3c7aa99058f,BK,NYSE Unveils Blueprint for 24 / 7 Tokenized Exchange,https://techstory.in/nyse-unveils-blueprint-for-24-7-tokenized-exchange/,20260120T234500Z,techstory.in,,"(""BNY Mellon"" OR ""Bank of New York Mellon"" OR BK)",2026-01-26T09:09:16.121924+00:00
d86fa6d1b91547baf505b661b0efc4728b98eb7351096d2e31b47afcc2af460f,BK,$35Bn Asset Manager Grayscale Files for NEAR Crypto ETF,https://finance.yahoo.com/news/35bn-asset-manager-grayscale-files-144740093.html,20260122T224500Z,finance.yahoo.com,"Grayscale has filed with the SEC to convert its NEAR Trust into a spot exchange-traded fund (ETF) amidst a broader decline in the cryptocurrency market. Despite this downturn, the price of NEAR rose by over +3%, from $1.44 to $1.80, accompanied by increased trading volume and futures interest, though the ...","(""BNY Mellon"" OR ""Bank of New York Mellon"" OR BK)",2026-01-26T09:09:16.121924+00:00
7fff2b562f051f88125f88f40a0565d7130776812c732ea83fe46eafc23f9915,BK,NYSE working on a new platform for trading digital tokens around the clock,https://www.bozemandailychronicle.com/ap_news/business/nyse-working-on-a-new-platform-for-trading-digital-tokens-around-the-clock/article_b0648515-670a-579b-828d-7d98d00c7c20.html,20260120T001500Z,bozemandailychronicle.com,,"(""BNY Mellon"" OR ""Bank of New York Mellon"" OR BK)",2026-01-26T09:09:16.121924+00:00
8d417887ef02e385573da8f1cf69d1d6d68748fc209d6a7e77ae7071be21f93f,BK,SRN - US News - Taylorville Daily News,https://taylorvilledailynews.com/local-news/srn-us-news/daa54ed9d3575ee1d271657606711dcf,20260120T011500Z,taylorvilledailynews.com,,"(""BNY Mellon"" OR ""Bank of New York Mellon"" OR BK)",2026-01-26T09:09:16.121924+00:00
33020372211e73fa837f09cbbc18779a1430de12e380398d257a307286a01d1c,BK,iShares Russell 3000 ETF ( NYSEARCA : IWV ) Short Interest Update,https://www.dailypolitical.com/2026/01/19/ishares-russell-3000-etf-nysearcaiwv-short-interest-update.html,20260119T213000Z,dailypolitical.com,,"(""BNY Mellon"" OR ""Bank of New York Mellon"" OR BK)",2026-01-26T09:09:16.121924+00:00
c02f2aaec429ea102b0ae038b3dfbc476fae14fa82067fd0abf4310cf644027a,BK,Westfuller Advisors LLC Boosts Position in iShares Core MSCI EAFE ETF $IEFA,https://www.dailypolitical.com/2026/01/24/westfuller-advisors-llc-boosts-position-in-ishares-core-msci-eafe-etf-iefa.html,20260124T124500Z,dailypolitical.com,,"(""BNY Mellon"" OR ""Bank of New York Mellon"" OR BK)",2026-01-26T09:09:16.121924+00:00
6c0d383e085f95e945b36d1d89e08c5c614cf4211571ff8716e11910651dbd57,BK,The Nashville Ledger,http://www.tnledger.com/editorial/Article.aspx,20260120T173000Z,tnledger.com,,"(""BNY Mellon"" OR ""Bank of New York Mellon"" OR BK)",2026-01-26T09:09:16.121924+00:00
25fc887d717fb06a505e773ee903b0bcab6bd00c67a94856dac85044b01f32c5,BK,NYSE Develops 24 / 7 Platform for Digital Token Trading,https://www.el-balad.com/6827355,20260120T070000Z,el-balad.com,,"(""BNY Mellon"" OR ""Bank of New York Mellon"" OR BK)",2026-01-26T09:09:16.121924+00:00
79d3764ded42ca332e3020be9e69c29febc99017407d3e87d1ba917fc0279f6b,BK,Global Net Lease ( NYSE : GNL ) Reaches New 1 - Year High – Time to Buy ?,https://www.tickerreport.com/banking-finance/13322309/global-net-lease-nysegnl-reaches-new-1-year-high-time-to-buy.html,20260121T180000Z,tickerreport.com,,"(""BNY Mellon"" OR ""Bank of New York Mellon"" OR BK)",2026-01-26T09:09:16.121924+00:00
43c1cd246bf5460fb3443706e8accdb03635d1d2eb15f482712244e02440ebf6,BK,"Keefe , Bruyette & Woods Issues Positive Forecast for Metropolitan Bank ( NYSE : MCB ) Stock Price",https://www.dailypolitical.com/2026/01/22/keefe-bruyette-woods-issues-positive-forecast-for-metropolitan-bank-nysemcb-stock-price.html,20260122T133000Z,dailypolitical.com,,"(""BNY Mellon"" OR ""Bank of New York Mellon"" OR BK)",2026-01-26T09:09:16.121924+00:00
4ef431552d1325853d6f345fed850d0e1c23cbf8d143aaff65af3f648a0c7132,BK,"Grayscale Files with US SEC to Launch NEAR Trust ETF , Will NEAR Price Rally Soon ?",https://www.coinspeaker.com/grayscale-files-with-us-sec-to-launch-near-trust-etf-will-near-price-rally-soon/,20260121T121500Z,coinspeaker.com,Grayscale submitted an S-1 on Jan. 20 to bring its Grayscale NEAR Trust ETF and list it on NYSE Arca under the GSNR ticker.,"(""BNY Mellon"" OR ""Bank of New York Mellon"" OR BK)",2026-01-26T09:09:16.121924+00:00
410d01998a4a14955ea62f0dbf51e77dd8db0dc43b1d3dac2e5c1f34a6985451,BK,Medtronic ( NYSE : MDT ) Upgraded at Wall Street Zen,https://www.themarketsdaily.com/2026/01/26/medtronic-nysemdt-upgraded-at-wall-street-zen.html,20260126T080000Z,themarketsdaily.com,,"(""BNY Mellon"" OR ""Bank of New York Mellon"" OR BK)",2026-01-26T09:09:16.121924+00:00
fab8bc9a7a62ada6a19e90548c8b2f2241b3c87989c99364c1984dd344eb1f9f,BK,QRG Capital Management Inc . Trims Stock Position in Ferguson plc $FERG,https://www.dailypolitical.com/2026/01/19/qrg-capital-management-inc-trims-stock-position-in-ferguson-plc-ferg.html,20260119T114500Z,dailypolitical.com,,"(""BNY Mellon"" OR ""Bank of New York Mellon"" OR BK)",2026-01-26T09:09:16.121924+00:00
2982091acfc9d12206ab2caf930afc5ddde07e3f316dc1dfbcb4bd09588f8c90,BK,Life360 ( NASDAQ : LIF ) Shares Gap Up – Here What Happened,https://www.tickerreport.com/banking-finance/13324176/life360-nasdaqlif-shares-gap-up-heres-what-happened.html,20260123T163000Z,tickerreport.com,,"(""BNY Mellon"" OR ""Bank of New York Mellon"" OR BK)",2026-01-26T09:09:16.121924+00:00
0e9f15f57dfa6e784e20ec6d2142854ceb115805c119134be1c38a1931e17f66,BK,First Busey ( NASDAQ : BUSE ) Reaches New 52 - Week High – Still a Buy ?,https://www.tickerreport.com/banking-finance/13324896/first-busey-nasdaqbuse-reaches-new-52-week-high-still-a-buy.html,20260124T134500Z,tickerreport.com,,"(""BNY Mellon"" OR ""Bank of New York Mellon"" OR BK)",2026-01-26T09:09:16.121924+00:00
6bf1dd373815190abc6a317cc378a0d5e9fe486f1ae02f5522827d9b8fd3aaa3,BK,The Rise of RWA : How Mey Real Bridges Wall Street Tech with High - Yield Real Estate,https://www.financial-news.co.uk/the-rise-of-rwa-how-mey-real-bridges-wall-street-tech-with-high-yield-real-estate/,20260126T001500Z,financial-news.co.uk,The financial world is witnessing a profound transformation as Real World Assets tokenization reshapes how investors access premium opportunities. With the toke,"(""BNY Mellon"" OR ""Bank of New York Mellon"" OR BK)",2026-01-26T09:09:16.121924+00:00
d6b9511241528519558b5be4d8f25fe94d1873d062ce0cd8232a1c3bf1bcab94,BK,The Charles Schwab Corporation $SCHW Shares Bought by Pacific Heights Asset Management LLC,https://www.tickerreport.com/banking-finance/13321099/the-charles-schwab-corporation-schw-shares-bought-by-pacific-heights-asset-management-llc.html,20260120T140000Z,tickerreport.com,,"(""BNY Mellon"" OR ""Bank of New York Mellon"" OR BK)",2026-01-26T09:09:16.121924+00:00
a73ec4b70b2a1615a332a4857a3cb10fb947f9b5ffbba5ffc3295f30a606ea95,BK,Axsome Therapeutics ( NASDAQ : AXSM ) Reaches New 52 - Week High After Analyst Upgrade,https://www.defenseworld.net/2026/01/21/axsome-therapeutics-nasdaqaxsm-reaches-new-52-week-high-after-analyst-upgrade.html,20260121T063000Z,defenseworld.net,"Axsome Therapeutics, Inc. (NASDAQ:AXSM – Get Free Report) shares reached a new 52-week high during trading on Tuesday after HC Wainwright raised their price target on the stock from $200.00 to $260.00. HC Wainwright currently has a buy rating on the stock. Axsome Therapeutics traded as high as $184.57 and last traded at $183.8160, with […]","(""BNY Mellon"" OR ""Bank of New York Mellon"" OR BK)",2026-01-26T09:09:16.121924+00:00
128efa2adedab7801c8bc27c1127ef84d4794e826179aef1339aa410625b5c4f,BK,"Oxbow Advisors LLC Acquires Shares of 29 , 518 Crown Holdings , Inc . $CCK",https://www.tickerreport.com/banking-finance/13325133/oxbow-advisors-llc-acquires-shares-of-29518-crown-holdings-inc-cck.html,20260124T160000Z,tickerreport.com,,"(""BNY Mellon"" OR ""Bank of New York Mellon"" OR BK)",2026-01-26T09:09:16.121924+00:00
bd6b0fa6a5c8fe2b2f856e1ae0ded615f7bfcabaac144e81cf4d68d84c9b9f3b,BK,Major Financial Firms Commit Matching Funds to Trump Retirement Accounts,https://www.plansponsor.com/major-financial-firms-commit-matching-funds-to-trump-retirement-accounts/,20260120T231500Z,plansponsor.com,"BlackRock, Charles Schwab, Russell Investments, and ICI pledge employer contributions before July pilot program begins.","(""BNY Mellon"" OR ""Bank of New York Mellon"" OR BK)",2026-01-26T09:09:16.121924+00:00
9345a4a3f9bb19e8aca5c1e39aa8a79fa12b273ca26199b78abdd0ed2a09bfa9,BK,Whelan Financial Boosts Holdings in The Charles Schwab Corporation $SCHW,https://www.themarketsdaily.com/2026/01/19/whelan-financial-boosts-holdings-in-the-charles-schwab-corporation-schw.html,20260119T140000Z,themarketsdaily.com,,"(""BNY Mellon"" OR ""Bank of New York Mellon"" OR BK)",2026-01-26T09:09:16.121924+00:00
f1c220b1d135465485b8ace29c1b71ee9a2bc492ad3cfb788afd22b317589b54,BK,BMO Capital Markets Forecasts Strong Price Appreciation for The Goldman Sachs Group ( NYSE : GS ) Stock,https://www.defenseworld.net/2026/01/22/bmo-capital-markets-forecasts-strong-price-appreciation-for-the-goldman-sachs-group-nysegs-stock.html,20260122T080000Z,defenseworld.net,"The Goldman Sachs Group (NYSE:GS – Get Free Report) had its target price upped by analysts at BMO Capital Markets from $980.00 to $985.00 in a report issued on Tuesday,MarketScreener reports. The brokerage currently has a “market perform” rating on the investment management company’s stock. BMO Capital Markets’ price objective would suggest a potential upside […]","(""BNY Mellon"" OR ""Bank of New York Mellon"" OR BK)",2026-01-26T09:09:16.121924+00:00
4b77dcd24d1ffa505c9db11373ed7ee90a3ac086d977a792728d9f6c83bf1b79,BK,Royal Bank Of Canada Issues Positive Forecast for Northern Trust ( NASDAQ : NTRS ) Stock Price,https://www.dailypolitical.com/2026/01/23/royal-bank-of-canada-issues-positive-forecast-for-northern-trust-nasdaqntrs-stock-price.html,20260123T163000Z,dailypolitical.com,,"(""BNY Mellon"" OR ""Bank of New York Mellon"" OR BK)",2026-01-26T09:09:16.121924+00:00
436184901c820616a0180c10129bf0d66cc4a07aa2720d0d4b6567b8f6c6ea5e,BK,DigiFT Introduces First Actively Managed Tokenized Equity Fund with BNY as Investment Management Services Provider,https://portal.sina.com.hk/finance/finance-prnewswire/prnasia/2026/01/26/1472300/digift-introduces-first-actively-managed-tokenized-equity-fund-with-bny-as-investment-management-services-provider/,20260126T034500Z,portal.sina.com.hk,First actively managed tokenized equity fund extending tokenization beyond single assets to professionally managed public equity strategies Tokenized on Ethereum and distributed via DigiFT…,"(""BNY Mellon"" OR ""Bank of New York Mellon"" OR BK)",2026-01-26T09:09:16.121924+00:00
b5f83d99da00229f059e77aba1cf1efb1edefdcc95db416a63929ff316edb964,BK,"Whittier Trust Co . of Nevada Inc . Boosts Holdings in The Goldman Sachs Group , Inc . $GS",https://www.themarketsdaily.com/2026/01/25/whittier-trust-co-of-nevada-inc-boosts-holdings-in-the-goldman-sachs-group-inc-gs.html,20260125T141500Z,themarketsdaily.com,,"(""BNY Mellon"" OR ""Bank of New York Mellon"" OR BK)",2026-01-26T09:09:16.121924+00:00
271e0ccd60594a969e06aed60a7d4c16bbc694c35444bf9aacb1dcf347691714,BK,Grayscale Files for Near Protocol ETF,https://insidebitcoins.com/news/grayscale-files-for-near-protocol-etf-expanding-push-beyond-bitcoin-and-ether,20260121T104500Z,insidebitcoins.com,,"(""BNY Mellon"" OR ""Bank of New York Mellon"" OR BK)",2026-01-26T09:09:16.121924+00:00
3889d476a9d5599de1252aad769d5d1a9be2007d11b02ed1850e5c1e0842e2ee,BK,DigiFT Introduces First Actively Managed Tokenized Equity Fund with BNY as Investment Management Services Provider,https://aninews.in/news/business/digift-introduces-first-actively-managed-tokenized-equity-fund-with-bny-as-investment-management-services-provider20260126103725/,20260126T073000Z,aninews.in,,"(""BNY Mellon"" OR ""Bank of New York Mellon"" OR BK)",2026-01-26T09:09:16.121924+00:00
23a3b17107db9ff0f5d858394df7b9cab2a44a23b52f6e350b4527c11bb2b2b4,BK,"Vest Financial LLC Buys 23 , 312 Shares of OFG Bancorp $OFG",https://www.tickerreport.com/banking-finance/13322852/vest-financial-llc-buys-23312-shares-of-ofg-bancorp-ofg.html,20260122T120000Z,tickerreport.com,,"(""BNY Mellon"" OR ""Bank of New York Mellon"" OR BK)",2026-01-26T09:09:16.121924+00:00
b198b17e9ab3ec1c6a854d13af228fe492a91a13d16d60167edeef4a6888b059,BK,"Westfuller Advisors LLC Purchases 889 Shares of The Goldman Sachs Group , Inc . $GS",https://www.themarketsdaily.com/2026/01/24/westfuller-advisors-llc-purchases-889-shares-of-the-goldman-sachs-group-inc-gs.html,20260124T144500Z,themarketsdaily.com,,"(""BNY Mellon"" OR ""Bank of New York Mellon"" OR BK)",2026-01-26T09:09:16.121924+00:00
431cd7935173846ed997bd2524e20367ca9624c44fde8f074072c9dac0f65ff3,BK,Oxbow Advisors LLC Trims Stock Position in iShares Gold Trust $IAU,https://www.themarketsdaily.com/2026/01/24/oxbow-advisors-llc-trims-stock-position-in-ishares-gold-trust-iau.html,20260124T154500Z,themarketsdaily.com,,"(""BNY Mellon"" OR ""Bank of New York Mellon"" OR BK)",2026-01-26T09:09:16.121924+00:00
e78b9ce53fcbfd2524c53cc0cf061a1117de41e8657cf6efa019a686be3e7c05,BK,iShares Gold Trust $IAU Shares Sold by Simplicity Wealth LLC,https://www.dailypolitical.com/2026/01/22/ishares-gold-trust-iau-shares-sold-by-simplicity-wealth-llc.html,20260122T141500Z,dailypolitical.com,,"(""BNY Mellon"" OR ""Bank of New York Mellon"" OR BK)",2026-01-26T09:09:16.121924+00:00
9714deb44dc9bb2ebec2a7032d64a4b7be93b57e824ca9a8a0d7536f04578ed1,BK,Edge Financial Advisors LLC Has $1 . 43 Million Stake in iShares Gold Trust $IAU,https://www.dailypolitical.com/2026/01/24/edge-financial-advisors-llc-has-1-43-million-stake-in-ishares-gold-trust-iau.html,20260124T150000Z,dailypolitical.com,,"(""BNY Mellon"" OR ""Bank of New York Mellon"" OR BK)",2026-01-26T09:09:16.121924+00:00
270c6e52970fd0c120a2d76a251758e13e4f041d28c16277dfa7d835f0cfbbd2,BK,Oracle ( NYSE : ORCL ) Trading Up 2 . 4 % – What Next ?,https://www.themarketsdaily.com/2026/01/23/oracle-nyseorcl-trading-up-2-4-whats-next.html,20260123T003000Z,themarketsdaily.com,,"(""BNY Mellon"" OR ""Bank of New York Mellon"" OR BK)",2026-01-26T09:09:16.121924+00:00
6065c08ae73f6da4021f636097d73a137ff3859730fe7d9371b340cb17c87b6d,BK,DigiFT Introduces First Actively Managed Tokenized Equity Fund with BNY as Investment Management Services Provider,http://www.singaporestar.com/news/278830778/digift-introduces-first-actively-managed-tokenized-equity-fund-with-bny-as-investment-management-services-provider,20260126T050000Z,singaporestar.com,"First actively managed tokenized equity fund extending tokenization beyond single assets to professionally managed public equity strategies Tokenized on Ethereum and distributed via DigiFT, providing eligible investors a regulated on-chain way to invest Advances institutional adoption of tokenization, building on BNY's deep investment expertise and DigiFT's track record of bringing Tier-1 asset manager strategies on-chain SINGAPORE, Jan. 26, 2026 /PRNewswire/ -- DigiFT, a regulated on-chain exchange for institutional real-world assets, today announced the introduction of DigiFT U.S. Equity Income Fund (""bEQTY""), the first actively managed tokenized U.S. equity income fund on the Ethereum public blockchain. The launch of bEQTY, which is eligible for accredited investors, represents a significant milestone in the evolution of tokenization-marking a shift from early experimentation with blockchain-based financial instruments toward enabling investors to construct more complete, portfolio-relevant strategies on-chain. BNY serves as the investment manager for the underlying traditional U.S. equity income strategy which extends tokenization into actively managed public equities. This launch demonstrates how regulated on-chain infrastructure is advancing beyond initial applications to address more sophisticated areas of the capital markets. Tokenization as institutional portfolio infrastructure Public equities remain a core component of institutional portfolios. Tokenization introduces a digitally native form factor that enables programmable settlement, enhanced transparency, and more streamlined lifecycle management-without changing the underlying investment strategy or governance framework. By representing equity income strategies on regulated on-chain infrastructure, eligible investors gain greater flexibility in how sophisticated financial instruments are held, transferred, and integrated into portfolios, supporting more agile capital management. For Web3-native allocators, as on-chain treasuries and funds mature, there is growing interest in incorporating assets that introduce exposure to the real-economy and are less correlated with crypto-native market cycles. The launch also illustrates how regulated on-chain marketplaces can support wider institutional participation by enabling eligible investors to access the strategy through DigiFT's regulated framework. Henry Zhang, Founder and Group CEO of DigiFT,said: ""For years, tokenization has been about proving the technology. This launch proves its use case. By bringing an actively managed equity income strategy on-chain within a regulated market, we're demonstrating how blockchain infrastructure is becoming part of mainstream institutional finance."" Doni Shamsuddin, Head of Asia Pacific, BNY Investments, said: ""We are thrilled to work with DigiFT in bridging traditional finance and emerging on-chain solutions for institutional investors. Leveraging BNY's deep investment capabilities, we enable a professionally managed portfolio onblockchain - anchored in established trust, scale, and governance."" From experimentation to portfolio-relevant strategies Tokenization has gained early traction in short-duration and cash-like instruments, demonstrating the operational benefits of blockchain within regulated frameworks. As tokenization matures, extending its capabilities into actively managed public equities represents a natural next phase-moving beyond single assets toward actively managed strategies within regulated market infrastructure. About DigiFT DigiFT is a next-generation exchange for tokenized real-world assets (RWAs), licensed by the Monetary Authority of Singapore (MAS) and the Hong Kong Securities and Futures Commission (SFC). The platform offers end-to-end digital asset services-including tokenization, issuance, distribution, trading, and instant liquidity provision-purpose-built for institutional RWAs. Trusted by global financial institutions, DigiFT is the on-chain tokeniz","(""BNY Mellon"" OR ""Bank of New York Mellon"" OR BK)",2026-01-26T09:09:16.121924+00:00
e93b080d22a9663cffa70c55cacd5782d0c78c7d90988abc1fd76579a659c615,BK,DigiFT Introduces First Actively Managed Tokenized Equity Fund with BNY as Investment Management Services Provider,http://www.asiabulletin.com/news/278830778/digift-introduces-first-actively-managed-tokenized-equity-fund-with-bny-as-investment-management-services-provider,20260126T044500Z,asiabulletin.com,"First actively managed tokenized equity fund extending tokenization beyond single assets to professionally managed public equity strategies Tokenized on Ethereum and distributed via DigiFT, providing eligible investors a regulated on-chain way to invest Advances institutional adoption of tokenization, building on BNY's deep investment expertise and DigiFT's track record of bringing Tier-1 asset manager strategies on-chain SINGAPORE, Jan. 26, 2026 /PRNewswire/ -- DigiFT, a regulated on-chain exchange for institutional real-world assets, today announced the introduction of DigiFT U.S. Equity Income Fund (""bEQTY""), the first actively managed tokenized U.S. equity income fund on the Ethereum public blockchain. The launch of bEQTY, which is eligible for accredited investors, represents a significant milestone in the evolution of tokenization-marking a shift from early experimentation with blockchain-based financial instruments toward enabling investors to construct more complete, portfolio-relevant strategies on-chain. BNY serves as the investment manager for the underlying traditional U.S. equity income strategy which extends tokenization into actively managed public equities. This launch demonstrates how regulated on-chain infrastructure is advancing beyond initial applications to address more sophisticated areas of the capital markets. Tokenization as institutional portfolio infrastructure Public equities remain a core component of institutional portfolios. Tokenization introduces a digitally native form factor that enables programmable settlement, enhanced transparency, and more streamlined lifecycle management-without changing the underlying investment strategy or governance framework. By representing equity income strategies on regulated on-chain infrastructure, eligible investors gain greater flexibility in how sophisticated financial instruments are held, transferred, and integrated into portfolios, supporting more agile capital management. For Web3-native allocators, as on-chain treasuries and funds mature, there is growing interest in incorporating assets that introduce exposure to the real-economy and are less correlated with crypto-native market cycles. The launch also illustrates how regulated on-chain marketplaces can support wider institutional participation by enabling eligible investors to access the strategy through DigiFT's regulated framework. Henry Zhang, Founder and Group CEO of DigiFT,said: ""For years, tokenization has been about proving the technology. This launch proves its use case. By bringing an actively managed equity income strategy on-chain within a regulated market, we're demonstrating how blockchain infrastructure is becoming part of mainstream institutional finance."" Doni Shamsuddin, Head of Asia Pacific, BNY Investments, said: ""We are thrilled to work with DigiFT in bridging traditional finance and emerging on-chain solutions for institutional investors. Leveraging BNY's deep investment capabilities, we enable a professionally managed portfolio onblockchain - anchored in established trust, scale, and governance."" From experimentation to portfolio-relevant strategies Tokenization has gained early traction in short-duration and cash-like instruments, demonstrating the operational benefits of blockchain within regulated frameworks. As tokenization matures, extending its capabilities into actively managed public equities represents a natural next phase-moving beyond single assets toward actively managed strategies within regulated market infrastructure. About DigiFT DigiFT is a next-generation exchange for tokenized real-world assets (RWAs), licensed by the Monetary Authority of Singapore (MAS) and the Hong Kong Securities and Futures Commission (SFC). The platform offers end-to-end digital asset services-including tokenization, issuance, distribution, trading, and instant liquidity provision-purpose-built for institutional RWAs. Trusted by global financial institutions, DigiFT is the on-chain tokeniz","(""BNY Mellon"" OR ""Bank of New York Mellon"" OR BK)",2026-01-26T09:09:16.121924+00:00
d2083deb64bf4b0a4d0cce48bba4970e6006f5cc6db1e2f796df4261f266a279,BK,DigiFT Introduces First Actively Managed Tokenized Equity Fund with BNY as Investment Management Services Provider,http://www.philippinetimes.com/news/278830778/digift-introduces-first-actively-managed-tokenized-equity-fund-with-bny-as-investment-management-services-provider,20260126T064500Z,philippinetimes.com,"First actively managed tokenized equity fund extending tokenization beyond single assets to professionally managed public equity strategies Tokenized on Ethereum and distributed via DigiFT, providing eligible investors a regulated on-chain way to invest Advances institutional adoption of tokenization, building on BNY's deep investment expertise and DigiFT's track record of bringing Tier-1 asset manager strategies on-chain SINGAPORE, Jan. 26, 2026 /PRNewswire/ -- DigiFT, a regulated on-chain exchange for institutional real-world assets, today announced the introduction of DigiFT U.S. Equity Income Fund (""bEQTY""), the first actively managed tokenized U.S. equity income fund on the Ethereum public blockchain. The launch of bEQTY, which is eligible for accredited investors, represents a significant milestone in the evolution of tokenization-marking a shift from early experimentation with blockchain-based financial instruments toward enabling investors to construct more complete, portfolio-relevant strategies on-chain. BNY serves as the investment manager for the underlying traditional U.S. equity income strategy which extends tokenization into actively managed public equities. This launch demonstrates how regulated on-chain infrastructure is advancing beyond initial applications to address more sophisticated areas of the capital markets. Tokenization as institutional portfolio infrastructure Public equities remain a core component of institutional portfolios. Tokenization introduces a digitally native form factor that enables programmable settlement, enhanced transparency, and more streamlined lifecycle management-without changing the underlying investment strategy or governance framework. By representing equity income strategies on regulated on-chain infrastructure, eligible investors gain greater flexibility in how sophisticated financial instruments are held, transferred, and integrated into portfolios, supporting more agile capital management. For Web3-native allocators, as on-chain treasuries and funds mature, there is growing interest in incorporating assets that introduce exposure to the real-economy and are less correlated with crypto-native market cycles. The launch also illustrates how regulated on-chain marketplaces can support wider institutional participation by enabling eligible investors to access the strategy through DigiFT's regulated framework. Henry Zhang, Founder and Group CEO of DigiFT,said: ""For years, tokenization has been about proving the technology. This launch proves its use case. By bringing an actively managed equity income strategy on-chain within a regulated market, we're demonstrating how blockchain infrastructure is becoming part of mainstream institutional finance."" Doni Shamsuddin, Head of Asia Pacific, BNY Investments, said: ""We are thrilled to work with DigiFT in bridging traditional finance and emerging on-chain solutions for institutional investors. Leveraging BNY's deep investment capabilities, we enable a professionally managed portfolio onblockchain - anchored in established trust, scale, and governance."" From experimentation to portfolio-relevant strategies Tokenization has gained early traction in short-duration and cash-like instruments, demonstrating the operational benefits of blockchain within regulated frameworks. As tokenization matures, extending its capabilities into actively managed public equities represents a natural next phase-moving beyond single assets toward actively managed strategies within regulated market infrastructure. About DigiFT DigiFT is a next-generation exchange for tokenized real-world assets (RWAs), licensed by the Monetary Authority of Singapore (MAS) and the Hong Kong Securities and Futures Commission (SFC). The platform offers end-to-end digital asset services-including tokenization, issuance, distribution, trading, and instant liquidity provision-purpose-built for institutional RWAs. Trusted by global financial institutions, DigiFT is the on-chain tokeniz","(""BNY Mellon"" OR ""Bank of New York Mellon"" OR BK)",2026-01-26T09:09:16.121924+00:00
b37dd46ce7881eb2858a5e354f0c99840514badbccdcd8f24b5cb4331bf4a8a7,BK,DigiFT Introduces First Actively Managed Tokenized Equity Fund with BNY as Investment Management Services Provider,http://www.australiannews.net/news/278830778/digift-introduces-first-actively-managed-tokenized-equity-fund-with-bny-as-investment-management-services-provider,20260126T080000Z,australiannews.net,"First actively managed tokenized equity fund extending tokenization beyond single assets to professionally managed public equity strategies Tokenized on Ethereum and distributed via DigiFT, providing eligible investors a regulated on-chain way to invest Advances institutional adoption of tokenization, building on BNY's deep investment expertise and DigiFT's track record of bringing Tier-1 asset manager strategies on-chain SINGAPORE, Jan. 26, 2026 /PRNewswire/ -- DigiFT, a regulated on-chain exchange for institutional real-world assets, today announced the introduction of DigiFT U.S. Equity Income Fund (bEQTY), the first actively managed tokenized U.S. equity income fund on the Ethereum public blockchain. The launch of bEQTY, which is eligible for accredited investors, represents a significant milestone in the evolution of tokenization-marking a shift from early experimentation with blockchain-based financial instruments toward enabling investors to construct more complete, portfolio-relevant strategies on-chain. BNY serves as the investment manager for the underlying traditional U.S. equity income strategy which extends tokenization into actively managed public equities. This launch demonstrates how regulated on-chain infrastructure is advancing beyond initial applications to address more sophisticated areas of the capital markets. Tokenization as institutional portfolio infrastructure Public equities remain a core component of institutional portfolios. Tokenization introduces a digitally native form factor that enables programmable settlement, enhanced transparency, and more streamlined lifecycle management-without changing the underlying investment strategy or governance framework. By representing equity income strategies on regulated on-chain infrastructure, eligible investors gain greater flexibility in how sophisticated financial instruments are held, transferred, and integrated into portfolios, supporting more agile capital management. For Web3-native allocators, as on-chain treasuries and funds mature, there is growing interest in incorporating assets that introduce exposure to the real-economy and are less correlated with crypto-native market cycles. The launch also illustrates how regulated on-chain marketplaces can support wider institutional participation by enabling eligible investors to access the strategy through DigiFT's regulated framework. Henry Zhang, Founder and Group CEO of DigiFT,said: For years, tokenization has been about proving the technology. This launch proves its use case. By bringing an actively managed equity income strategy on-chain within a regulated market, we're demonstrating how blockchain infrastructure is becoming part of mainstream institutional finance. Doni Shamsuddin, Head of Asia Pacific, BNY Investments, said: We are thrilled to work with DigiFT in bridging traditional finance and emerging on-chain solutions for institutional investors. Leveraging BNY's deep investment capabilities, we enable a professionally managed portfolio onblockchain - anchored in established trust, scale, and governance. From experimentation to portfolio-relevant strategies Tokenization has gained early traction in short-duration and cash-like instruments, demonstrating the operational benefits of blockchain within regulated frameworks. As tokenization matures, extending its capabilities into actively managed public equities represents a natural next phase-moving beyond single assets toward actively managed strategies within regulated market infrastructure. About DigiFT DigiFT is a next-generation exchange for tokenized real-world assets (RWAs), licensed by the Monetary Authority of Singapore (MAS) and the Hong Kong Securities and Futures Commission (SFC). The platform offers end-to-end digital asset services-including tokenization, issuance, distribution, trading, and instant liquidity provision-purpose-built for institutional RWAs. Trusted by global financial institutions, DigiFT is the on-chain tokenization ","(""BNY Mellon"" OR ""Bank of New York Mellon"" OR BK)",2026-01-26T09:09:16.121924+00:00
e646efadec33a89277a6cc61c84b8f8743409ec61f731dbdcc0127372d60a05e,BK,DigiFT Introduces First Actively Managed Tokenized Equity Fund with BNY as Investment Management Services Provider,http://www.heraldglobe.com/news/278830863/digift-introduces-first-actively-managed-tokenized-equity-fund-with-bny-as-investment-management-services-provider,20260126T071500Z,heraldglobe.com,"PRNewswire Singapore, January 26: DigiFT, a regulated on-chain exchange for institutional real-world assets, today announced the introduction of DigiFT U.S. Equity Income Fund (""bEQTY""), the first actively managed tokenized U.S. equity income fund on the Ethereum public blockchain. First actively managed tokenized equity fund extending tokenization beyond single assets to professionally managed public equity strategies. Tokenized on Ethereum and distributed via DigiFT, providing eligible investors a regulated on-chain way to invest. Advances institutional adoption of tokenization, building on BNY's deep investment expertise and DigiFT's track record of bringing Tier-1 asset manager strategies on-chain. The launch of bEQTY, which is eligible for accredited investors, represents a significant milestone in the evolution of tokenization--marking a shift from early experimentation with blockchain-based financial instruments toward enabling investors to construct more complete, portfolio-relevant strategies on-chain. BNY serves as the investment manager for the underlying traditional U.S. equity income strategy which extends tokenization into actively managed public equities. This launch demonstrates how regulated on-chain infrastructure is advancing beyond initial applications to address more sophisticated areas of the capital markets. Tokenization as institutional portfolio infrastructure Public equities remain a core component of institutional portfolios. Tokenization introduces a digitally native form factor that enables programmable settlement, enhanced transparency, and more streamlined lifecycle management--without changing the underlying investment strategy or governance framework. By representing equity income strategies on regulated on-chain infrastructure, eligible investors gain greater flexibility in how sophisticated financial instruments are held, transferred, and integrated into portfolios, supporting more agile capital management. For Web3-native allocators, as on-chain treasuries and funds mature, there is growing interest in incorporating assets that introduce exposure to the real-economy and are less correlated with crypto-native market cycles. The launch also illustrates how regulated on-chain marketplaces can support wider institutional participation by enabling eligible investors to access the strategy through DigiFT's regulated framework. Henry Zhang, Founder and Group CEO of DigiFT, said: ""For years, tokenization has been about proving the technology. This launch proves its use case. By bringing an actively managed equity income strategy on-chain within a regulated market, we're demonstrating how blockchain infrastructure is becoming part of mainstream institutional finance."" Doni Shamsuddin, Head of Asia Pacific, BNY Investments, said: ""We are thrilled to work with DigiFT in bridging traditional finance and emerging on-chain solutions for institutional investors. Leveraging BNY's deep investment capabilities, we enable a professionally managed portfolio on blockchain -- anchored in established trust, scale, and governance."" From experimentation to portfolio-relevant strategies Tokenization has gained early traction in short-duration and cash-like instruments, demonstrating the operational benefits of blockchain within regulated frameworks. As tokenization matures, extending its capabilities into actively managed public equities represents a natural next phase--moving beyond single assets toward actively managed strategies within regulated market infrastructure. About DigiFT DigiFT is a next-generation exchange for tokenized real-world assets (RWAs), licensed by the Monetary Authority of Singapore (MAS) and the Hong Kong Securities and Futures Commission (SFC). The platform offers end-to-end digital asset services--including tokenization, issuance, distribution, trading, and instant liquidity provision--purpose-built for institutional RWAs. Trusted by global financial institutions, DigiFT is the on-chain tok","(""BNY Mellon"" OR ""Bank of New York Mellon"" OR BK)",2026-01-26T09:09:16.121924+00:00
c6ed0147a7e67408397942b8fc5010e0d2c48ae9930c21f4384e362e59647e3b,BK,DigiFT Introduces First Actively Managed Tokenized Equity Fund with BNY as Investment Management Services Provider,http://www.cambodiantimes.com/news/278830863/digift-introduces-first-actively-managed-tokenized-equity-fund-with-bny-as-investment-management-services-provider,20260126T071500Z,cambodiantimes.com,"PRNewswire Singapore, January 26: DigiFT, a regulated on-chain exchange for institutional real-world assets, today announced the introduction of DigiFT U.S. Equity Income Fund (""bEQTY""), the first actively managed tokenized U.S. equity income fund on the Ethereum public blockchain. First actively managed tokenized equity fund extending tokenization beyond single assets to professionally managed public equity strategies. Tokenized on Ethereum and distributed via DigiFT, providing eligible investors a regulated on-chain way to invest. Advances institutional adoption of tokenization, building on BNY's deep investment expertise and DigiFT's track record of bringing Tier-1 asset manager strategies on-chain. The launch of bEQTY, which is eligible for accredited investors, represents a significant milestone in the evolution of tokenization--marking a shift from early experimentation with blockchain-based financial instruments toward enabling investors to construct more complete, portfolio-relevant strategies on-chain. BNY serves as the investment manager for the underlying traditional U.S. equity income strategy which extends tokenization into actively managed public equities. This launch demonstrates how regulated on-chain infrastructure is advancing beyond initial applications to address more sophisticated areas of the capital markets. Tokenization as institutional portfolio infrastructure Public equities remain a core component of institutional portfolios. Tokenization introduces a digitally native form factor that enables programmable settlement, enhanced transparency, and more streamlined lifecycle management--without changing the underlying investment strategy or governance framework. By representing equity income strategies on regulated on-chain infrastructure, eligible investors gain greater flexibility in how sophisticated financial instruments are held, transferred, and integrated into portfolios, supporting more agile capital management. For Web3-native allocators, as on-chain treasuries and funds mature, there is growing interest in incorporating assets that introduce exposure to the real-economy and are less correlated with crypto-native market cycles. The launch also illustrates how regulated on-chain marketplaces can support wider institutional participation by enabling eligible investors to access the strategy through DigiFT's regulated framework. Henry Zhang, Founder and Group CEO of DigiFT, said: ""For years, tokenization has been about proving the technology. This launch proves its use case. By bringing an actively managed equity income strategy on-chain within a regulated market, we're demonstrating how blockchain infrastructure is becoming part of mainstream institutional finance."" Doni Shamsuddin, Head of Asia Pacific, BNY Investments, said: ""We are thrilled to work with DigiFT in bridging traditional finance and emerging on-chain solutions for institutional investors. Leveraging BNY's deep investment capabilities, we enable a professionally managed portfolio on blockchain -- anchored in established trust, scale, and governance."" From experimentation to portfolio-relevant strategies Tokenization has gained early traction in short-duration and cash-like instruments, demonstrating the operational benefits of blockchain within regulated frameworks. As tokenization matures, extending its capabilities into actively managed public equities represents a natural next phase--moving beyond single assets toward actively managed strategies within regulated market infrastructure. About DigiFT DigiFT is a next-generation exchange for tokenized real-world assets (RWAs), licensed by the Monetary Authority of Singapore (MAS) and the Hong Kong Securities and Futures Commission (SFC). The platform offers end-to-end digital asset services--including tokenization, issuance, distribution, trading, and instant liquidity provision--purpose-built for institutional RWAs. Trusted by global financial institutions, DigiFT is the on-chain tok","(""BNY Mellon"" OR ""Bank of New York Mellon"" OR BK)",2026-01-26T09:09:16.121924+00:00
dfe793ecf4f91beeb20c5881cdc38529cadac4d225e703f0b6320b3f1964143b,BK,DigiFT Introduces First Actively Managed Tokenized Equity Fund with BNY as Investment Management Services Provider,http://www.srilankasource.com/news/278830863/digift-introduces-first-actively-managed-tokenized-equity-fund-with-bny-as-investment-management-services-provider,20260126T083000Z,srilankasource.com,"PRNewswire Singapore, January 26: DigiFT, a regulated on-chain exchange for institutional real-world assets, today announced the introduction of DigiFT U.S. Equity Income Fund (""bEQTY""), the first actively managed tokenized U.S. equity income fund on the Ethereum public blockchain. First actively managed tokenized equity fund extending tokenization beyond single assets to professionally managed public equity strategies. Tokenized on Ethereum and distributed via DigiFT, providing eligible investors a regulated on-chain way to invest. Advances institutional adoption of tokenization, building on BNY's deep investment expertise and DigiFT's track record of bringing Tier-1 asset manager strategies on-chain. The launch of bEQTY, which is eligible for accredited investors, represents a significant milestone in the evolution of tokenization--marking a shift from early experimentation with blockchain-based financial instruments toward enabling investors to construct more complete, portfolio-relevant strategies on-chain. BNY serves as the investment manager for the underlying traditional U.S. equity income strategy which extends tokenization into actively managed public equities. This launch demonstrates how regulated on-chain infrastructure is advancing beyond initial applications to address more sophisticated areas of the capital markets. Tokenization as institutional portfolio infrastructure Public equities remain a core component of institutional portfolios. Tokenization introduces a digitally native form factor that enables programmable settlement, enhanced transparency, and more streamlined lifecycle management--without changing the underlying investment strategy or governance framework. By representing equity income strategies on regulated on-chain infrastructure, eligible investors gain greater flexibility in how sophisticated financial instruments are held, transferred, and integrated into portfolios, supporting more agile capital management. For Web3-native allocators, as on-chain treasuries and funds mature, there is growing interest in incorporating assets that introduce exposure to the real-economy and are less correlated with crypto-native market cycles. The launch also illustrates how regulated on-chain marketplaces can support wider institutional participation by enabling eligible investors to access the strategy through DigiFT's regulated framework. Henry Zhang, Founder and Group CEO of DigiFT, said: ""For years, tokenization has been about proving the technology. This launch proves its use case. By bringing an actively managed equity income strategy on-chain within a regulated market, we're demonstrating how blockchain infrastructure is becoming part of mainstream institutional finance."" Doni Shamsuddin, Head of Asia Pacific, BNY Investments, said: ""We are thrilled to work with DigiFT in bridging traditional finance and emerging on-chain solutions for institutional investors. Leveraging BNY's deep investment capabilities, we enable a professionally managed portfolio on blockchain -- anchored in established trust, scale, and governance."" From experimentation to portfolio-relevant strategies Tokenization has gained early traction in short-duration and cash-like instruments, demonstrating the operational benefits of blockchain within regulated frameworks. As tokenization matures, extending its capabilities into actively managed public equities represents a natural next phase--moving beyond single assets toward actively managed strategies within regulated market infrastructure. About DigiFT DigiFT is a next-generation exchange for tokenized real-world assets (RWAs), licensed by the Monetary Authority of Singapore (MAS) and the Hong Kong Securities and Futures Commission (SFC). The platform offers end-to-end digital asset services--including tokenization, issuance, distribution, trading, and instant liquidity provision--purpose-built for institutional RWAs. Trusted by global financial institutions, DigiFT is the on-chain tok","(""BNY Mellon"" OR ""Bank of New York Mellon"" OR BK)",2026-01-26T09:09:16.121924+00:00
59cd7408d1324f04ead17596441e1f7e9b4c67996130763db75cddb5c3ccf924,BK,Cantor Fitzgerald succumbed to East European offshoring,https://www.efinancialcareers.com/news/cantor-fitzgerald-hiring-warsaw,20260126T141500Z,efinancialcareers.com,Nearshoring is an insatiable desire.,"(""BNY Mellon"" OR ""Bank of New York Mellon"" OR BK)",2026-01-27T19:10:36.999969+00:00
bdbdbd69b54bdd47cf89d38701065094de2939eb98be1de7e71b77027fe3ef3a,BK,Marquis Who Who Honors Scott S . Small as a Top Professional,https://www.pr-inside.com/marquis-who-s-who-honors-scott-s-small-as-a-top-professional-r5165317.htm,20260127T184500Z,pr-inside.com,Marquis Who's Who Honors Scott S. Small as a Top Professional,"(""BNY Mellon"" OR ""Bank of New York Mellon"" OR BK)",2026-01-27T19:10:36.999969+00:00
5d030fd99b15d42d348ca983bb539de135fd0e1c7d649852357b4030974430dc,BK,BlackRock Files for Bitcoin Premium Income ETF on Nasdaq,https://insidebitcoins.com/news/blackrock-files-for-bitcoin-premium-income-etf-on-nasdaq,20260127T044500Z,insidebitcoins.com,,"(""BNY Mellon"" OR ""Bank of New York Mellon"" OR BK)",2026-01-27T19:10:36.999969+00:00
e13e92c701fb99ee620b09fadfb86553d81eae80e6a39629cc8ed63ca4dcfe0d,BK,"Lbp Am Sa Trims Position in Clean Harbors , Inc . $CLH",https://www.tickerreport.com/banking-finance/13326200/lbp-am-sa-trims-position-in-clean-harbors-inc-clh.html,20260126T124500Z,tickerreport.com,"Lbp Am Sa decreased its holdings in Clean Harbors, Inc. (NYSE:CLH – Free Report) by 16.4% in the third quarter, HoldingsChannel.com reports. The fund owned 201,326 shares of the business services provider’s stock after selling 39,524 shares during the period. Lbp Am Sa’s holdings in Clean Harbors were worth $46,752,000 at the end of the […]","(""BNY Mellon"" OR ""Bank of New York Mellon"" OR BK)",2026-01-27T19:10:36.999969+00:00
9c0ee98d9c9276077228c7cd3a02a5ef7c594d436d512423019fba364bffb43e,BK,Y Intercept Hong Kong Ltd Lowers Holdings in Bank of Nova Scotia ( The ) $BNS,https://www.themarketsdaily.com/2026/01/26/y-intercept-hong-kong-ltd-lowers-holdings-in-bank-of-nova-scotia-the-bns.html,20260126T143000Z,themarketsdaily.com,"Y Intercept Hong Kong Ltd decreased its position in shares of Bank of Nova Scotia (The) (NYSE:BNS – Free Report) (TSE:BNS) by 46.7% during the third quarter, according to its most recent filing with the Securities and Exchange Commission. The institutional investor owned 57,974 shares of the bank’s stock after selling 50,776 shares during the […]","(""BNY Mellon"" OR ""Bank of New York Mellon"" OR BK)",2026-01-27T19:10:36.999969+00:00
9856e04ac2ecd98d698a4621cd955a36d2b425b2a5751524ad71d045ffd50ad9,BK,Lbp Am Sa Has $7 . 46 Million Stock Holdings in Smurfit Westrock PLC $SW,https://www.dailypolitical.com/2026/01/27/lbp-am-sa-has-7-46-million-stock-holdings-in-smurfit-westrock-plc-sw.html,20260127T123000Z,dailypolitical.com,"Lbp Am Sa trimmed its stake in shares of Smurfit Westrock PLC (NYSE:SW – Free Report) by 14.9% during the third quarter, according to its most recent disclosure with the Securities and Exchange Commission. The institutional investor owned 175,259 shares of the company’s stock after selling 30,805 shares during the quarter. Lbp Am Sa’s holdings […]","(""BNY Mellon"" OR ""Bank of New York Mellon"" OR BK)",2026-01-27T19:10:36.999969+00:00
83ad2f6e5994d99492de369c83912d963a185fc09737665ef1af859275db56e6,BK,DigiFT Introduces First Actively Managed Tokenized Equity Fund with BNY as Investment Management Services Provider,https://www.thehindubusinessline.com/brandhub/pr-release/digift-introduces-first-actively-managed-tokenized-equity-fund-with-bny-as-investment-management-services-provider/article70556172.ece,20260127T164500Z,thehindubusinessline.com,DigiFT Introduces First Actively Managed Tokenized Equity Fund with BNY as Investment Management Services Provider,"(""BNY Mellon"" OR ""Bank of New York Mellon"" OR BK)",2026-01-27T19:10:36.999969+00:00
