source,guid,title,link,published_utc,categories,summary
JPMorganChase,808096,JPMorganChase Declares Preferred Stock Dividends,https://jpmorganchaseco.gcs-web.com/news-releases/news-release-details/jpmorganchase-declares-preferred-stock-dividends-13,2025-10-15T20:31:00+00:00,,"JPMorgan Chase & Co. has declared quarterly cash dividends on several series of its outstanding preferred stock. The announcement details the specific dividend per share, record dates, and payment dates for each individual preferred stock series."
JPMorganChase,807176,JPMorganChase Reports Third-Quarter 2025 Financial Results,https://jpmorganchaseco.gcs-web.com/news-releases/news-release-details/jpmorganchase-reports-third-quarter-2025-financial-results,2025-10-14T10:37:00+00:00,,"The provided link refers to JPMorgan Chase's financial results for the **third quarter of 2025**. As this reporting period is in the future, the actual content for these results has not yet been published or made available on the page. Therefore, I am unable to provide a summary of the article at this time."
JPMorganChase,806756,JPMorganChase to Present at the BancAnalysts Association of Boston Conference,https://jpmorganchaseco.gcs-web.com/news-releases/news-release-details/jpmorganchase-present-bancanalysts-association-boston-0,2025-10-09T20:47:00+00:00,,"JPMorgan Chase announced that Marianne Lake, CEO of Consumer & Community Banking, will present at the BancAnalysts Association of Boston Conference on November 4, 2022. She is scheduled to discuss the firm's strategy and outlook. An audio webcast of the presentation and slides will be available on the company's investor relations website for those unable to attend."
JPMorganChase,799321,JPMorganChase Announces Investor Day Timing,https://jpmorganchaseco.gcs-web.com/news-releases/news-release-details/jpmorganchase-announces-investor-day-timing,2025-09-18T20:20:00+00:00,,"JPMorgan Chase & Co. announced it will host its annual Investor Day on **Tuesday, May 21, 2024**, in New York City. Chairman and CEO Jamie Dimon, along with other senior management, will discuss the firmâ€™s businesses, financial performance, and strategic priorities, with a live webcast available on their Investor Relations website."
JPMorganChase,798826,JPMorganChase to Host Third-Quarter 2025 Earnings Call,https://jpmorganchaseco.gcs-web.com/news-releases/news-release-details/jpmorganchase-host-third-quarter-2025-earnings-call,2025-09-16T20:34:00+00:00,,"JPMorgan Chase will host its Third Quarter 2025 earnings call on Friday, October 11, 2024, at 8:30 a.m. Eastern Time. The bank plans to release its financial results an hour earlier at 8:00 a.m. ET, with Chairman and CEO Jamie Dimon and CFO Jeremy Barnum leading the webcast to discuss the results and business outlook. Interested parties can access the live audio webcast and related materials via the company's investor relations website."
JPMorganChase,798821,JPMorganChase Declares Common Stock Dividend,https://jpmorganchaseco.gcs-web.com/news-releases/news-release-details/jpmorganchase-declares-common-stock-dividend-3,2025-09-16T20:33:00+00:00,,"JPMorgan Chase & Co. announced that its Board of Directors declared a quarterly dividend on the corporation's common stock. The dividend is set at $1.00 per share. It is payable on October 31, 2023, to stockholders of record as of the close of business on October 6, 2023."
JPMorganChase,798326,JPMorganChase Declares Preferred Stock Dividends,https://jpmorganchaseco.gcs-web.com/news-releases/news-release-details/jpmorganchase-declares-preferred-stock-dividends-12,2025-09-15T20:26:00+00:00,,"JPMorgan Chase & Co. announced the declaration of regular quarterly cash dividends for numerous series of its outstanding preferred stock. These dividends are generally payable on January 1, 2024, to shareholders of record on various dates in December 2023 and January 2024. This press release outlines the specific dividend amounts and payment details for each preferred stock series."
JPMorganChase,789026,JPMorganChase Declares Preferred Stock Dividends,https://jpmorganchaseco.gcs-web.com/news-releases/news-release-details/jpmorganchase-declares-preferred-stock-dividends-11,2025-08-15T20:28:00+00:00,,"JPMorgan Chase & Co. announced the declaration of quarterly cash dividends for multiple series of its outstanding preferred stock. These dividends, covering various series including DD, EE, FF, and more, are scheduled for payment on December 15, 2023, to stockholders of record as of December 1, 2023, with specific per-share amounts declared for each series. This is a routine financial announcement regarding distributions to its preferred shareholders."
JPMorganChase,787636,JPMorganChase to Present at the Barclays Global Financial Services Conference,https://jpmorganchaseco.gcs-web.com/news-releases/news-release-details/jpmorganchase-present-barclays-global-financial-services-0,2025-08-12T20:20:00+00:00,,"JPMorgan Chase & Co. announced that its Chief Financial Officer, Jeremy Barnum, will present at the Barclays Global Financial Services Conference. The presentation is scheduled for Tuesday, September 12, 2023, at 10:30 a.m. Eastern Time, and a live audio webcast will be accessible through the company's Investor Relations website. An archived replay will also be available for approximately one year following the event."
JPMorganChase,786136,"JPMorganChase Files Form 10-Q for the Quarter Ended June 30, 2025",https://jpmorganchaseco.gcs-web.com/news-releases/news-release-details/jpmorganchase-files-form-10-q-quarter-ended-june-30-2025,2025-08-05T20:26:00+00:00,,"I am unable to provide a summary for the article at the provided link. The URL indicates it is for a JPMorgan Chase & Co. 10-Q filing for the quarter ended **June 30, 2025**.

As this date is in the future, the article does not yet exist and therefore cannot be accessed or summarized. Please double-check the link to ensure it refers to an already published report."
